colsample_bytree,combo,learning_rate,max_depth,min_samples_leaf,model_a_epochs,n_estimators_rf,n_estimators_xgb,rolling_windows,subsample,test_metrics_by_conference_E_kendall_tau,test_metrics_by_conference_E_ndcg,test_metrics_by_conference_E_rank_mae_ensemble_pred_vs_playoff_outcome_rank,test_metrics_by_conference_E_rank_mae_model_a_pred_vs_playoff_outcome_rank,test_metrics_by_conference_E_rank_mae_rf_pred_vs_playoff_outcome_rank,test_metrics_by_conference_E_rank_mae_wl_record_standings_vs_playoff_outcome_rank,test_metrics_by_conference_E_rank_mae_xgb_pred_vs_playoff_outcome_rank,test_metrics_by_conference_E_rank_rmse_ensemble_pred_vs_playoff_outcome_rank,test_metrics_by_conference_E_rank_rmse_model_a_pred_vs_playoff_outcome_rank,test_metrics_by_conference_E_rank_rmse_rf_pred_vs_playoff_outcome_rank,test_metrics_by_conference_E_rank_rmse_wl_record_standings_vs_playoff_outcome_rank,test_metrics_by_conference_E_rank_rmse_xgb_pred_vs_playoff_outcome_rank,test_metrics_by_conference_E_spearman,test_metrics_by_conference_W_kendall_tau,test_metrics_by_conference_W_ndcg,test_metrics_by_conference_W_rank_mae_ensemble_pred_vs_playoff_outcome_rank,test_metrics_by_conference_W_rank_mae_model_a_pred_vs_playoff_outcome_rank,test_metrics_by_conference_W_rank_mae_rf_pred_vs_playoff_outcome_rank,test_metrics_by_conference_W_rank_mae_wl_record_standings_vs_playoff_outcome_rank,test_metrics_by_conference_W_rank_mae_xgb_pred_vs_playoff_outcome_rank,test_metrics_by_conference_W_rank_rmse_ensemble_pred_vs_playoff_outcome_rank,test_metrics_by_conference_W_rank_rmse_model_a_pred_vs_playoff_outcome_rank,test_metrics_by_conference_W_rank_rmse_rf_pred_vs_playoff_outcome_rank,test_metrics_by_conference_W_rank_rmse_wl_record_standings_vs_playoff_outcome_rank,test_metrics_by_conference_W_rank_rmse_xgb_pred_vs_playoff_outcome_rank,test_metrics_by_conference_W_spearman,test_metrics_ensemble_kendall_tau,test_metrics_ensemble_kendall_tau_standings,test_metrics_ensemble_mrr_top2,test_metrics_ensemble_mrr_top4,test_metrics_ensemble_ndcg,test_metrics_ensemble_ndcg_at_12,test_metrics_ensemble_ndcg_at_16,test_metrics_ensemble_ndcg_at_16_standings,test_metrics_ensemble_ndcg_at_20,test_metrics_ensemble_ndcg_at_30,test_metrics_ensemble_ndcg_at_30_standings,test_metrics_ensemble_ndcg_at_4,test_metrics_ensemble_ndcg_at_4_standings,test_metrics_ensemble_pearson,test_metrics_ensemble_playoff_brier_championship_odds,test_metrics_ensemble_playoff_champion_in_top_4,test_metrics_ensemble_playoff_champion_rank,test_metrics_ensemble_playoff_ece_championship_odds,test_metrics_ensemble_playoff_kendall_tau_pred_vs_playoff_outcome_rank,test_metrics_ensemble_playoff_ndcg_at_30_pred_vs_playoff_outcome_rank,test_metrics_ensemble_playoff_ndcg_at_4_final_four,test_metrics_ensemble_playoff_rank_mae_pred_vs_playoff_outcome_rank,test_metrics_ensemble_playoff_rank_mae_wl_record_standings_vs_playoff_outcome_rank,test_metrics_ensemble_playoff_rank_rmse_pred_vs_playoff_outcome_rank,test_metrics_ensemble_playoff_rank_rmse_wl_record_standings_vs_playoff_outcome_rank,test_metrics_ensemble_playoff_spearman_pred_vs_playoff_outcome_rank,test_metrics_ensemble_precision_at_4,test_metrics_ensemble_precision_at_8,test_metrics_ensemble_rank_mae_pred_vs_playoff_outcome_rank,test_metrics_ensemble_rank_mae_wl_record_standings_vs_playoff_outcome_rank,test_metrics_ensemble_rank_rmse_pred_vs_playoff_outcome_rank,test_metrics_ensemble_rank_rmse_standings,test_metrics_ensemble_rank_rmse_wl_record_standings_vs_playoff_outcome_rank,test_metrics_ensemble_roc_auc_upset,test_metrics_ensemble_spearman,test_metrics_ensemble_spearman_standings,test_metrics_model_a_kendall_tau,test_metrics_model_a_mrr_top2,test_metrics_model_a_mrr_top4,test_metrics_model_a_ndcg,test_metrics_model_a_ndcg_at_12,test_metrics_model_a_ndcg_at_16,test_metrics_model_a_ndcg_at_20,test_metrics_model_a_ndcg_at_30,test_metrics_model_a_ndcg_at_4,test_metrics_model_a_pearson,test_metrics_model_a_precision_at_4,test_metrics_model_a_precision_at_8,test_metrics_model_a_rank_mae_pred_vs_playoff_outcome_rank,test_metrics_model_a_rank_rmse_pred_vs_playoff_outcome_rank,test_metrics_model_a_roc_auc_upset,test_metrics_model_a_spearman,test_metrics_model_b_kendall_tau,test_metrics_model_b_mrr_top2,test_metrics_model_b_mrr_top4,test_metrics_model_b_ndcg,test_metrics_model_b_ndcg_at_12,test_metrics_model_b_ndcg_at_16,test_metrics_model_b_ndcg_at_20,test_metrics_model_b_ndcg_at_30,test_metrics_model_b_ndcg_at_4,test_metrics_model_b_pearson,test_metrics_model_b_precision_at_4,test_metrics_model_b_precision_at_8,test_metrics_model_b_rank_mae_pred_vs_playoff_outcome_rank,test_metrics_model_b_rank_rmse_pred_vs_playoff_outcome_rank,test_metrics_model_b_roc_auc_upset,test_metrics_model_b_spearman,test_metrics_model_c_kendall_tau,test_metrics_model_c_mrr_top2,test_metrics_model_c_mrr_top4,test_metrics_model_c_ndcg,test_metrics_model_c_ndcg_at_12,test_metrics_model_c_ndcg_at_16,test_metrics_model_c_ndcg_at_20,test_metrics_model_c_ndcg_at_30,test_metrics_model_c_ndcg_at_4,test_metrics_model_c_pearson,test_metrics_model_c_precision_at_4,test_metrics_model_c_precision_at_8,test_metrics_model_c_rank_mae_pred_vs_playoff_outcome_rank,test_metrics_model_c_rank_rmse_pred_vs_playoff_outcome_rank,test_metrics_model_c_roc_auc_upset,test_metrics_model_c_spearman,value
0.7,0,0.08,3,5,22,200,292,"(10, 30)",0.8,-0.40952380952380957,0.33853255702436197,13.2,13.333333333333334,16.0,2.933333333333333,8.666666666666666,15.019986684414869,15.156956598649128,18.24280680158621,3.8297084310253524,11.529671865813587,-0.4928571428571427,-0.580952380952381,0.06505165338499602,14.533333333333333,14.4,15.0,3.3333333333333335,7.2,16.32993161855452,16.174053295324583,17.24915456865447,4.993328882953068,9.018499505645789,-0.7892857142857141,-0.4850574712643679,0.5724137931034483,0.07692307692307693,0.1,0.29789588371974746,0.047152469223852085,0.13245300571425608,0.01243218552085537,0.14185467812618566,0.29789588371974746,0.27271809303693856,1.3826195984119677e-06,3.444575081792195e-07,-0.6427141427993774,0.03414313122630119,0.0,30,0.0,-0.5402298850574713,0.29789511161155036,3.444575081792195e-07,13.866666793823242,3.1333333333333333,15.688636779785156,4.449719092257398,-0.699666295884316,0.0,0.0,13.866666793823242,3.1333333333333333,15.688636779785156,16.237815856933594,4.449719092257398,0.9464285714285715,-0.6427141268075639,0.7597330367074527,-0.47126436781609193,0.07692307692307693,0.1,0.29788181711272305,0.047163799494334996,0.13246437940416697,0.1417156693886034,0.29788181711272305,1.3890616614529607e-06,-0.6395995616912842,0.0,0.0,13.866666793823242,15.673757553100586,0.9464285714285715,-0.6395995550611792,0.17241379310344826,0.2,0.2,0.42884460994331947,0.29147246734418214,0.3767527042004561,0.3768333625634169,0.42884460994331947,0.037089553910794264,0.2849833369255066,0.0,0.625,7.933333396911621,10.350522994995117,0.8266666666666667,0.2849833147942158,0.0,0.08333333333333333,0.5,0.3523699022875814,0.22764303037812714,0.2400367383145598,0.2770249187057514,0.3523699022875814,0.052939225660911464,0.0,0.25,0.125,15.5,17.752933502197266,0.5,0.0,-15.688636779785156
0.7,1,0.08,4,5,26,200,298,"(10, 30)",0.8,-0.2571428571428572,0.16597106018171515,11.666666666666666,11.533333333333333,16.0,2.933333333333333,9.066666666666666,14.803152817333656,14.703741020570241,18.24280680158621,3.8297084310253524,11.55854662143991,-0.36428571428571427,-0.12380952380952381,0.2194547058884129,11.266666666666667,11.4,15.0,3.3333333333333335,7.2,13.289093272304171,13.468481725866505,17.24915456865447,4.993328882953068,8.88444333277743,-0.2285714285714285,-0.22298850574712642,0.33793103448275863,0.037037037037037035,0.16666666666666666,0.29462031992485477,0.0627959118973123,0.0628113868564764,0.11248031969519665,0.08217726951725715,0.29462031992485477,0.307065724256353,0.00028164222016826803,3.52271040294328e-05,-0.3205784559249878,0.03414313122630119,0.0,30,0.0,-0.3241379310344828,0.29461668388524886,0.0002815028793779058,11.466666221618652,3.1333333333333333,14.066508293151855,4.449719092257398,-0.44694104560622916,0.0,0.25,11.466666221618652,3.1333333333333333,14.066508293151855,14.868310928344727,4.449719092257398,0.8088888888888889,-0.32057842046718577,0.47541713014460507,-0.22298850574712642,0.037037037037037035,0.16666666666666666,0.29446681358982535,0.06264516678550769,0.06266111833725731,0.08202704529807266,0.29446681358982535,0.00032692472229854186,-0.32680758833885193,0.0,0.125,11.466666221618652,14.099645614624023,0.8088888888888889,-0.3268075639599555,0.167816091954023,0.14285714285714285,0.14285714285714285,0.39489513685398964,0.2572802031218704,0.34256306934321273,0.3426435443589087,0.39489513685398964,0.037089553910794264,0.29076752066612244,0.0,0.625,8.133333206176758,10.308572769165039,0.8794642857142857,0.29076751946607343,0.0,0.08333333333333333,0.5,0.3523699022875814,0.22764303037812714,0.2400367383145598,0.2770249187057514,0.3523699022875814,0.052939225660911464,0.0,0.25,0.125,15.5,17.752933502197266,0.5,0.0,-14.066508293151855
0.7,2,0.08,3,5,27,200,258,"(10, 30)",0.8,-0.2761904761904762,0.18490642475549804,13.4,13.466666666666667,16.0,2.933333333333333,8.666666666666666,14.959946523968593,15.015547498065686,18.24280680158621,3.8297084310253524,11.529671865813587,-0.3928571428571428,-0.33333333333333337,0.17384531737183787,13.266666666666667,13.2,15.0,3.3333333333333335,7.2,14.875035013964393,14.742229591663987,17.24915456865447,4.993328882953068,8.981462390204987,-0.48214285714285704,-0.3241379310344828,0.37471264367816093,0.037037037037037035,0.07142857142857142,0.28331810400421004,0.01225642356964939,0.05977206841325528,0.07907723514406653,0.07840904770623933,0.28331810400421004,0.2861301977884706,3.1963870160116974e-06,1.3476220754105649e-06,-0.48520582914352417,0.03400980308651924,0.0,28,0.0,-0.36091954022988504,0.2833177145097532,7.978993625791518e-07,13.333333015441895,3.1333333333333333,14.917551040649414,4.449719092257398,-0.5296996662958843,0.0,0.0,13.333333015441895,3.1333333333333333,14.917551040649414,15.137150764465332,4.449719092257398,0.9285714285714286,-0.4852057842046719,0.5292547274749722,-0.31494252873563217,0.037037037037037035,0.08333333333333333,0.2852672084060674,0.056143645547904436,0.06126452029177097,0.08035784405090068,0.2852672084060674,3.1963870160116974e-06,-0.47764188051223755,0.0,0.0,13.333333015441895,14.879515647888184,0.9285714285714286,-0.4776418242491657,0.17701149425287357,0.2,0.2,0.4315709336550007,0.29419901293239,0.3794790406463595,0.37955968701828924,0.4315709336550007,0.03989844056956009,0.28720802068710327,0.0,0.625,7.933333396911621,10.3344087600708,0.8266666666666667,0.28720800889877635,0.0,0.08333333333333333,0.5,0.3523699022875814,0.22764303037812714,0.2400367383145598,0.2770249187057514,0.3523699022875814,0.052939225660911464,0.0,0.25,0.125,15.5,17.752933502197266,0.5,0.0,-14.917551040649414
0.7,3,0.08,3,5,24,200,293,"(10, 30)",0.8,-0.3142857142857143,0.11628720346783696,12.4,12.533333333333333,16.0,2.933333333333333,8.666666666666666,14.06176849949299,14.198591479439079,18.24280680158621,3.8297084310253524,11.529671865813587,-0.4678571428571427,-0.2761904761904762,0.08266968681604171,12.8,12.666666666666666,15.0,3.3333333333333335,7.2,14.724129855444769,14.683323874382122,17.24915456865447,4.993328882953068,8.981462390204987,-0.34642857142857136,-0.2413793103448276,0.3195402298850575,0.05,0.058823529411764705,0.28095047861228023,0.0013236773925274275,0.0013238109525730234,0.03501869793047383,0.11890299674181952,0.28095047861228023,0.2953837739256525,0.0011488186016296446,0.03603747879861107,-0.3833148181438446,0.03407646715641022,0.0,29,0.0,-0.3517241379310345,0.2809372778076674,0.0011315775399250378,12.600000381469727,3.1333333333333333,14.396759033203125,4.449719092257398,-0.5345939933259177,0.0,0.0,12.600000381469727,3.1333333333333333,14.396759033203125,14.99555492401123,4.449719092257398,0.9230769230769231,-0.38331479421579534,0.5007786429365962,-0.2413793103448276,0.05,0.058823529411764705,0.2809371734396718,0.001135641941430199,0.0011357899249161117,0.11871497654112068,0.2809371734396718,3.178204915621324e-05,-0.3922135829925537,0.0,0.0,12.600000381469727,14.442991256713867,0.9230769230769231,-0.39221357063403783,0.17701149425287357,0.2,0.2,0.4315709336550007,0.29419901293239,0.3794790406463595,0.37955968701828924,0.4315709336550007,0.03989844056956009,0.28720802068710327,0.0,0.625,7.933333396911621,10.3344087600708,0.8266666666666667,0.28720800889877635,0.0,0.08333333333333333,0.5,0.3523699022875814,0.22764303037812714,0.2400367383145598,0.2770249187057514,0.3523699022875814,0.052939225660911464,0.0,0.25,0.125,15.5,17.752933502197266,0.5,0.0,-14.396759033203125
0.7,4,0.08,4,5,22,200,258,"(10, 30)",0.8,-0.028571428571428574,0.10845052481484202,10.866666666666667,11.266666666666667,16.0,2.933333333333333,9.066666666666666,12.635927614016577,12.953763931769021,18.24280680158621,3.8297084310253524,11.47170431975999,-0.10714285714285714,-0.12380952380952381,0.20654656806787666,11.133333333333333,11.133333333333333,15.0,3.3333333333333335,7.2,13.75257551636541,13.73802508853923,17.24915456865447,4.993328882953068,8.88444333277743,-0.1714285714285714,-0.07586206896551725,0.18160919540229886,0.041666666666666664,0.06666666666666667,0.2773592378744506,0.011774993138776292,0.03207758076822918,0.06935316937500953,0.03215353566851855,0.2773592378744506,0.28605440589917397,0.005643631959018254,0.0007064786257182152,-0.16395998001098633,0.03414313495159149,0.0,30,7.450580596923828e-09,-0.17701149425287357,0.2773519797353908,0.00564130504206665,11.0,3.1333333333333333,13.206059455871582,4.449719092257398,-0.2956618464961067,0.0,0.125,11.0,3.1333333333333333,13.206059455871582,13.875638008117676,4.449719092257398,0.8333333333333333,-0.16395995550611792,0.2849833147942158,-0.09885057471264368,0.041666666666666664,0.06666666666666667,0.2754012486491972,0.00462666932816596,0.030120013934429167,0.030196048077977204,0.2754012486491972,0.003955254741482268,-0.18976640701293945,0.0,0.125,11.199999809265137,13.351654052734375,0.8472222222222222,-0.1897664071190211,0.17241379310344826,0.14285714285714285,0.14285714285714285,0.3948964382944035,0.2572802031218704,0.34256306934321273,0.3426435443589087,0.3948964382944035,0.037089553910794264,0.29744160175323486,0.0,0.625,8.133333206176758,10.259954452514648,0.8794642857142857,0.29744160177975526,0.0,0.08333333333333333,0.5,0.3523699022875814,0.22764303037812714,0.2400367383145598,0.2770249187057514,0.3523699022875814,0.052939225660911464,0.0,0.25,0.125,15.5,17.752933502197266,0.5,0.0,-13.206059455871582
0.7,5,0.08,3,5,27,200,299,"(10, 30)",0.8,-0.2761904761904762,0.1827573496675,12.866666666666667,12.933333333333334,16.0,2.933333333333333,8.666666666666666,14.553350129781116,14.62418088874268,18.24280680158621,3.8297084310253524,11.529671865813587,-0.42142857142857143,-0.580952380952381,0.021240740943827552,13.533333333333333,13.466666666666667,15.0,3.3333333333333335,7.2,15.737428845483835,15.752248516746215,17.24915456865447,4.993328882953068,8.981462390204987,-0.7392857142857142,-0.39310344827586213,0.3885057471264368,0.045454545454545456,0.16666666666666666,0.2954206710947356,0.05790050554939277,0.06313621451469731,0.055149131502458294,0.06321270330336892,0.2954206710947356,0.28174850467987556,4.8542609653372054e-05,2.4250562556184958e-05,-0.5332592129707336,0.03414313867688179,0.0,30,0.0,-0.4114942528735632,0.2954183216393254,4.276845369362217e-05,13.199999809265137,3.1333333333333333,15.156956672668457,4.449719092257398,-0.5421579532814237,0.0,0.125,13.199999809265137,3.1333333333333333,15.156956672668457,15.148157119750977,4.449719092257398,0.90625,-0.5332591768631813,0.5314794215795328,-0.40229885057471265,0.045454545454545456,0.16666666666666666,0.2953152397611262,0.057900269113653625,0.06303078696994022,0.06310713737420141,0.2953152397611262,4.4149122659414744e-05,-0.5417130589485168,0.0,0.125,13.199999809265137,15.198683738708496,0.928888888888889,-0.5417130144605116,0.17701149425287357,0.2,0.2,0.4315709336550007,0.29419901293239,0.3794790406463595,0.37955968701828924,0.4315709336550007,0.03989844056956009,0.28720802068710327,0.0,0.625,7.933333396911621,10.3344087600708,0.8266666666666667,0.28720800889877635,0.0,0.08333333333333333,0.5,0.3523699022875814,0.22764303037812714,0.2400367383145598,0.2770249187057514,0.3523699022875814,0.052939225660911464,0.0,0.25,0.125,15.5,17.752933502197266,0.5,0.0,-15.156956672668457
0.7,6,0.08,4,5,21,200,290,"(10, 30)",0.8,-0.37142857142857144,0.11676765454503313,12.933333333333334,12.866666666666667,16.0,2.933333333333333,9.066666666666666,14.63329536821195,14.626460041080799,18.24280680158621,3.8297084310253524,11.47170431975999,-0.5392857142857141,-0.3523809523809524,0.1411932109830687,12.8,12.733333333333333,15.0,3.3333333333333335,7.2,15.344923156101716,15.273069981724914,17.24915456865447,4.993328882953068,8.88444333277743,-0.4964285714285714,-0.32873563218390806,0.48965517241379314,0.05555555555555555,0.06666666666666667,0.28362459215033164,0.0009982041697874206,0.04160789253220614,0.03463915574474281,0.11806185990727683,0.28362459215033164,0.27797728602022875,1.035458524872146e-05,5.140282143398503e-06,-0.5003337264060974,0.03414313495159149,0.0,30,0.0,-0.4574712643678161,0.2836182134531955,2.5874489207565927e-06,12.866666793823242,3.1333333333333333,14.993331909179688,4.449719092257398,-0.6596218020022246,0.0,0.0,12.866666793823242,3.1333333333333333,14.993331909179688,15.868206977844238,4.449719092257398,0.9027777777777778,-0.5003337041156841,0.6805339265850945,-0.3195402298850575,0.05555555555555555,0.07142857142857142,0.28484379449879577,0.0010081643591325381,0.042585113393624176,0.11903907647066127,0.28484379449879577,8.939507057150403e-06,-0.4923248589038849,0.0,0.0,12.800000190734863,14.95326042175293,0.8868778280542986,-0.4923248053392658,0.17241379310344826,0.14285714285714285,0.14285714285714285,0.3948964382944035,0.2572802031218704,0.34256306934321273,0.3426435443589087,0.3948964382944035,0.037089553910794264,0.29744160175323486,0.0,0.625,8.133333206176758,10.259954452514648,0.8794642857142857,0.29744160177975526,0.0,0.08333333333333333,0.5,0.3523699022875814,0.22764303037812714,0.2400367383145598,0.2770249187057514,0.3523699022875814,0.052939225660911464,0.0,0.25,0.125,15.5,17.752933502197266,0.5,0.0,-14.993331909179688
0.7,7,0.08,4,5,17,200,296,"(10, 30)",0.8,-0.4476190476190477,0.30609079223363683,13.466666666666667,13.533333333333333,16.0,2.933333333333333,9.066666666666666,15.051024328374908,15.334057953892483,18.24280680158621,3.8297084310253524,11.55854662143991,-0.6642857142857141,-0.5047619047619049,0.04187094942042588,14.266666666666667,14.066666666666666,15.0,3.3333333333333335,7.2,16.46815108019112,16.237815945091466,17.24915456865447,4.993328882953068,8.88444333277743,-0.7035714285714285,-0.4482758620689655,0.5540229885057472,0.058823529411764705,0.07142857142857142,0.28538851682632665,0.0006888431403421116,0.04242662700391239,0.03235834397834172,0.12266846422104068,0.28538851682632665,0.2826283330260967,1.402637081228924e-06,3.4946187888345864e-07,-0.660956621170044,0.03414313122630119,0.0,30,0.0,-0.5310344827586208,0.28538787455736647,3.4946187888345864e-07,13.866666793823242,3.1333333333333333,15.775508880615234,4.449719092257398,-0.742825361512792,0.0,0.0,13.866666793823242,3.1333333333333333,15.775508880615234,16.25628089904785,4.449719092257398,0.9502262443438914,-0.660956618464961,0.7637374860956618,-0.4574712643678161,0.058823529411764705,0.07692307692307693,0.28670195430684836,0.0001739668384512084,0.04348122780934052,0.12368543723098133,0.28670195430684836,8.259259639850162e-07,-0.6645161509513855,0.0,0.0,13.800000190734863,15.792403221130371,0.9457013574660633,-0.6645161290322581,0.167816091954023,0.14285714285714285,0.14285714285714285,0.39489513685398964,0.2572802031218704,0.34256306934321273,0.3426435443589087,0.39489513685398964,0.037089553910794264,0.29076752066612244,0.0,0.625,8.133333206176758,10.308572769165039,0.8794642857142857,0.29076751946607343,0.0,0.08333333333333333,0.5,0.3523699022875814,0.22764303037812714,0.2400367383145598,0.2770249187057514,0.3523699022875814,0.052939225660911464,0.0,0.25,0.125,15.5,17.752933502197266,0.5,0.0,-15.775508880615234
0.7,8,0.08,3,5,16,200,275,"(10, 30)",0.8,-0.20000000000000004,0.432199733324378,11.8,11.933333333333334,16.0,2.933333333333333,8.666666666666666,14.294521094927712,14.38749456993816,18.24280680158621,3.8297084310253524,11.529671865813587,-0.2607142857142857,-0.37142857142857144,0.09973591362961803,12.2,12.466666666666667,15.0,3.3333333333333335,7.2,14.535015193203847,14.567086187704115,17.24915456865447,4.993328882953068,8.981462390204987,-0.48571428571428565,-0.296551724137931,0.4298850574712643,0.09090909090909091,0.09090909090909091,0.29495161761894406,0.09214718517259625,0.09313926280693897,0.024727862795463667,0.14462294301561202,0.29495161761894406,0.276499624890179,2.379401679650154e-06,1.143375741320179e-06,-0.38687431812286377,0.03414313122630119,0.0,30,3.725290298461914e-09,-0.3977011494252874,0.29494724423253355,5.93653028488766e-07,12.0,3.1333333333333333,14.41526985168457,4.449719092257398,-0.5488320355951056,0.0,0.0,12.0,3.1333333333333333,14.41526985168457,15.303594589233398,4.449719092257398,0.8571428571428571,-0.3868743047830923,0.5630700778642936,-0.30574712643678165,0.09090909090909091,0.09090909090909091,0.2950653276288708,0.09208683161404085,0.09273748647028807,0.1400055221201594,0.2950653276288708,2.379401679650154e-06,-0.39888766407966614,0.0,0.0,12.199999809265137,14.477568626403809,0.8755555555555556,-0.39888765294771966,0.17701149425287357,0.2,0.2,0.4315709336550007,0.29419901293239,0.3794790406463595,0.37955968701828924,0.4315709336550007,0.03989844056956009,0.28720802068710327,0.0,0.625,7.933333396911621,10.3344087600708,0.8266666666666667,0.28720800889877635,0.0,0.08333333333333333,0.5,0.3523699022875814,0.22764303037812714,0.2400367383145598,0.2770249187057514,0.3523699022875814,0.052939225660911464,0.0,0.25,0.125,15.5,17.752933502197266,0.5,0.0,-14.41526985168457
0.7,9,0.08,3,5,28,200,277,"(10, 30)",0.8,-0.33333333333333337,0.34058057587693824,13.2,13.333333333333334,16.0,2.933333333333333,8.666666666666666,15.794513815457147,15.794513815457147,18.24280680158621,3.8297084310253524,11.529671865813587,-0.48214285714285704,-0.06666666666666668,0.16697209564243273,10.533333333333333,10.666666666666666,15.0,3.3333333333333335,7.2,12.564500255349063,12.58040804849615,17.24915456865447,4.993328882953068,8.981462390204987,-0.15714285714285714,-0.2413793103448276,0.3195402298850575,0.05555555555555555,0.14285714285714285,0.2997488767257863,0.05673632116223455,0.056733439360874036,0.04268281657468849,0.15168177950921258,0.2997488767257863,0.2842247763635909,2.0513965405063032e-05,1.0782548908310533e-05,-0.35928812623023987,0.03407646715641022,0.0,29,0.0,-0.25057471264367814,0.29974064228889163,1.3922723155497908e-05,11.866666793823242,3.1333333333333333,14.271183013916016,4.449719092257398,-0.3779755283648498,0.0,0.125,11.866666793823242,3.1333333333333333,14.271183013916016,14.816657066345215,4.449719092257398,0.8928571428571428,-0.3592880978865406,0.4651835372636262,-0.2413793103448276,0.05555555555555555,0.14285714285714285,0.2997763028408023,0.0567641881697895,0.05676130423086334,0.15170964425664601,0.2997763028408023,2.0513965405063032e-05,-0.36062294244766235,0.0,0.125,12.0,14.278188705444336,0.9017857142857143,-0.36062291434927696,0.17701149425287357,0.2,0.2,0.4315709336550007,0.29419901293239,0.3794790406463595,0.37955968701828924,0.4315709336550007,0.03989844056956009,0.28720802068710327,0.0,0.625,7.933333396911621,10.3344087600708,0.8266666666666667,0.28720800889877635,0.0,0.08333333333333333,0.5,0.3523699022875814,0.22764303037812714,0.2400367383145598,0.2770249187057514,0.3523699022875814,0.052939225660911464,0.0,0.25,0.125,15.5,17.752933502197266,0.5,0.0,-14.271183013916016
0.7,10,0.08,4,5,25,200,298,"(10, 30)",0.8,-0.2761904761904762,0.21786893579742792,14.8,14.8,16.0,2.933333333333333,9.066666666666666,15.483324363111862,15.491933384829668,18.24280680158621,3.8297084310253524,11.55854662143991,-0.4892857142857142,-0.6952380952380953,0.022153245189473685,14.0,14.0,15.0,3.3333333333333335,7.2,15.786069808536892,15.807171368295679,17.24915456865447,4.993328882953068,8.88444333277743,-0.8357142857142855,-0.4344827586206897,0.5126436781609195,0.07142857142857142,0.07142857142857142,0.28413790052966964,0.0004186362235468208,0.08354825316793278,0.0007095365175366218,0.08680825779119247,0.28413790052966964,0.27798774489964284,0.0004169042409007655,5.378323830517473e-05,-0.6315906643867493,0.03414313495159149,0.0,30,0.0,-0.5080459770114942,0.28413442766930413,0.00041347128255930175,14.399999618530273,3.1333333333333333,15.635429382324219,4.449719092257398,-0.6903225806451613,0.0,0.0,14.399999618530273,3.1333333333333333,15.635429382324219,16.072751998901367,4.449719092257398,0.9866071428571429,-0.6315906562847609,0.7241379310344827,-0.4298850574712643,0.07142857142857142,0.07142857142857142,0.2846692711132291,0.0004185578188389213,0.08354825103429664,0.08651930827399985,0.2846692711132291,0.0004169042409007655,-0.6347052454948425,0.0,0.0,14.399999618530273,15.650345802307129,0.9866071428571429,-0.6347052280311457,0.167816091954023,0.14285714285714285,0.14285714285714285,0.39489513685398964,0.2572802031218704,0.34256306934321273,0.3426435443589087,0.39489513685398964,0.037089553910794264,0.29076752066612244,0.0,0.625,8.133333206176758,10.308572769165039,0.8794642857142857,0.29076751946607343,0.0,0.08333333333333333,0.5,0.3523699022875814,0.22764303037812714,0.2400367383145598,0.2770249187057514,0.3523699022875814,0.052939225660911464,0.0,0.25,0.125,15.5,17.752933502197266,0.5,0.0,-15.635429382324219
0.7,11,0.08,3,5,28,200,282,"(10, 30)",0.8,-0.5238095238095238,0.14878250986644687,15.533333333333333,15.466666666666667,16.0,2.933333333333333,8.666666666666666,16.739175606940744,16.637307474468336,18.24280680158621,3.8297084310253524,11.529671865813587,-0.7392857142857142,-0.37142857142857144,0.13465094111779646,12.066666666666666,12.133333333333333,15.0,3.3333333333333335,7.2,14.238445608047718,14.292189008919056,17.24915456865447,4.993328882953068,8.981462390204987,-0.4678571428571427,-0.4666666666666667,0.5908045977011495,0.038461538461538464,0.06666666666666667,0.2752587674067347,2.2736593380105977e-05,0.02164491137063358,0.0017832078694854352,0.063838589705715,0.2752587674067347,0.27298653825291486,4.521781344947209e-06,2.2286933704758557e-06,-0.6115683913230896,0.03414313122630119,0.0,30,0.0,-0.5678160919540229,0.2752542174180627,1.1292479448130296e-06,13.800000190734863,3.1333333333333333,15.53919792175293,4.449719092257398,-0.7530589543937708,0.0,0.0,13.800000190734863,3.1333333333333333,15.53919792175293,16.31155014038086,4.449719092257398,0.9241071428571429,-0.6115684093437151,0.7757508342602891,-0.46206896551724136,0.038461538461538464,0.06666666666666667,0.27588877668963013,2.4075565737875623e-05,0.020403476235985298,0.06446859916034982,0.27588877668963013,4.521781344947209e-06,-0.6053392291069031,0.0,0.0,13.800000190734863,15.509137153625488,0.9241071428571429,-0.6053392658509456,0.17701149425287357,0.2,0.2,0.4315709336550007,0.29419901293239,0.3794790406463595,0.37955968701828924,0.4315709336550007,0.03989844056956009,0.28720802068710327,0.0,0.625,7.933333396911621,10.3344087600708,0.8266666666666667,0.28720800889877635,0.0,0.08333333333333333,0.5,0.3523699022875814,0.22764303037812714,0.2400367383145598,0.2770249187057514,0.3523699022875814,0.052939225660911464,0.0,0.25,0.125,15.5,17.752933502197266,0.5,0.0,-15.53919792175293
0.7,12,0.08,3,5,23,200,283,"(10, 30)",0.8,-0.1619047619047619,0.38985840415434364,11.866666666666667,11.8,16.0,2.933333333333333,8.666666666666666,13.69184672228939,13.73802508853923,18.24280680158621,3.8297084310253524,11.529671865813587,-0.2714285714285714,-0.33333333333333337,0.1478602027441173,12.933333333333334,13.133333333333333,15.0,3.3333333333333335,7.2,14.646956452906295,14.807655677610372,17.24915456865447,4.993328882953068,8.981462390204987,-0.4392857142857142,-0.21839080459770116,0.296551724137931,0.07692307692307693,0.14285714285714285,0.3082072858478384,0.05963698292254571,0.1455548495779555,0.07795501962613276,0.16597923115452193,0.3082072858478384,0.2900238909547621,1.0961414636308002e-05,5.930041983380992e-06,-0.3414905369281769,0.03414313495159149,0.0,30,0.0,-0.2367816091954023,0.3082029591451794,1.2950333345646247e-05,12.399999618530273,3.1333333333333333,14.177447319030762,4.449719092257398,-0.40200222469410457,0.0,0.125,12.399999618530273,3.1333333333333333,14.177447319030762,14.760307312011719,4.449719092257398,0.9537037037037037,-0.3414905450500556,0.4540600667408231,-0.25517241379310346,0.08333333333333333,0.14285714285714285,0.3099599376819226,0.14192353387798703,0.1477295705285052,0.1666919694468485,0.3099599376819226,1.0961414636308002e-05,-0.36151283979415894,0.0,0.125,12.466666221618652,14.282856941223145,0.9583333333333334,-0.36151279199110126,0.17701149425287357,0.2,0.2,0.4315709336550007,0.29419901293239,0.3794790406463595,0.37955968701828924,0.4315709336550007,0.03989844056956009,0.28720802068710327,0.0,0.625,7.933333396911621,10.3344087600708,0.8266666666666667,0.28720800889877635,0.0,0.08333333333333333,0.5,0.3523699022875814,0.22764303037812714,0.2400367383145598,0.2770249187057514,0.3523699022875814,0.052939225660911464,0.0,0.25,0.125,15.5,17.752933502197266,0.5,0.0,-14.177447319030762
0.7,13,0.08,4,5,19,200,251,"(10, 30)",0.8,-0.5428571428571429,0.11380883785737192,14.0,13.666666666666666,16.0,2.933333333333333,9.066666666666666,15.866106432686417,15.800843859321775,18.24280680158621,3.8297084310253524,11.47170431975999,-0.7535714285714286,-0.1619047619047619,0.10596133702341974,11.733333333333333,12.2,15.0,3.3333333333333335,7.2,13.798550648528272,14.087819798203931,17.24915456865447,4.993328882953068,8.88444333277743,-0.19999999999999998,-0.33333333333333337,0.40229885057471265,0.05263157894736842,0.07142857142857142,0.28751259499672593,0.0008537586114995779,0.043853143311359116,0.036210940385421754,0.11907216538154296,0.28751259499672593,0.28474282396617157,3.52057053743138e-05,1.7595792357457285e-05,-0.4754171669483185,0.03394312411546707,0.0,27,0.0,-0.36091954022988504,0.2875111596008925,3.51869191680625e-05,12.866666793823242,3.1333333333333333,14.868310928344727,4.449719092257398,-0.5074527252502781,0.0,0.0,12.866666793823242,3.1333333333333333,14.868310928344727,15.163553237915039,4.449719092257398,0.9422222222222223,-0.47541713014460507,0.5345939933259177,-0.3425287356321839,0.05263157894736842,0.07142857142857142,0.2874600670779165,0.0009836637202732795,0.04255822594415362,0.11897187737369712,0.2874600670779165,3.52057053743138e-05,-0.49543941020965576,0.0,0.0,12.933333396911621,14.968856811523438,0.9196428571428572,-0.49543937708565067,0.17241379310344826,0.14285714285714285,0.14285714285714285,0.3948964382944035,0.2572802031218704,0.34256306934321273,0.3426435443589087,0.3948964382944035,0.037089553910794264,0.29744160175323486,0.0,0.625,8.133333206176758,10.259954452514648,0.8794642857142857,0.29744160177975526,0.0,0.08333333333333333,0.5,0.3523699022875814,0.22764303037812714,0.2400367383145598,0.2770249187057514,0.3523699022875814,0.052939225660911464,0.0,0.25,0.125,15.5,17.752933502197266,0.5,0.0,-14.868310928344727
0.7,14,0.08,4,5,24,200,251,"(10, 30)",0.8,-0.3142857142857143,0.39863420251951304,12.2,11.933333333333334,16.0,2.933333333333333,9.066666666666666,14.798648586948742,14.749011266296238,18.24280680158621,3.8297084310253524,11.47170431975999,-0.4428571428571427,-0.23809523809523814,0.18703292410925748,11.666666666666666,11.8,15.0,3.3333333333333335,7.2,13.969013327122761,14.04041784753336,17.24915456865447,4.993328882953068,8.88444333277743,-0.36428571428571427,-0.24597701149425286,0.3241379310344828,0.058823529411764705,0.2,0.31117718453564475,0.063721621683522,0.0939469129228072,0.043667253154406796,0.17689038913082322,0.31117718453564475,0.28355409585954583,5.334466498984445e-08,8.172713792803119e-07,-0.3819800019264221,0.03414313495159149,0.0,30,7.450580596923828e-09,-0.25517241379310346,0.31118147180786504,1.2897209649808988e-05,11.933333396911621,3.1333333333333333,14.389811515808105,4.449719092257398,-0.40600667408231367,0.0,0.125,11.933333396911621,3.1333333333333333,14.389811515808105,14.832396507263184,4.449719092257398,0.8842592592592593,-0.3819799777530589,0.4682981090100112,-0.25517241379310346,0.05555555555555555,0.2,0.31013514908131845,0.06371135693861772,0.09442039775721524,0.17558937859953785,0.31013514908131845,5.334466498984445e-08,-0.3837597668170929,0.0,0.125,11.866666793823242,14.399073600769043,0.8914027149321267,-0.3837597330367074,0.17241379310344826,0.14285714285714285,0.14285714285714285,0.3948964382944035,0.2572802031218704,0.34256306934321273,0.3426435443589087,0.3948964382944035,0.037089553910794264,0.29744160175323486,0.0,0.625,8.133333206176758,10.259954452514648,0.8794642857142857,0.29744160177975526,0.0,0.08333333333333333,0.5,0.3523699022875814,0.22764303037812714,0.2400367383145598,0.2770249187057514,0.3523699022875814,0.052939225660911464,0.0,0.25,0.125,15.5,17.752933502197266,0.5,0.0,-14.389811515808105
0.7,15,0.08,4,5,20,200,250,"(10, 30)",0.8,-0.5047619047619049,0.2300442619968954,13.133333333333333,13.133333333333333,16.0,2.933333333333333,9.066666666666666,15.273069981724914,15.347095273481994,18.24280680158621,3.8297084310253524,11.47170431975999,-0.6964285714285713,-0.2761904761904762,0.1432112578049789,13.0,13.0,15.0,3.3333333333333335,7.2,14.866068747318506,14.857097069526514,17.24915456865447,4.993328882953068,8.88444333277743,-0.4035714285714285,-0.37471264367816093,0.42528735632183906,0.05555555555555555,0.06666666666666667,0.2811411391128259,0.0009146951197870574,0.02382098676274291,0.10613040921809952,0.10029360747467708,0.2811411391128259,0.28945529507157725,5.198727013496909e-06,2.5749009732714103e-06,-0.515906572341919,0.03414313122630119,0.0,30,0.0,-0.4298850574712643,0.28113593117474694,1.2984843619504547e-06,13.066666603088379,3.1333333333333333,15.070942878723145,4.449719092257398,-0.5710789766407119,0.0,0.0,13.066666603088379,3.1333333333333333,15.070942878723145,15.381807327270508,4.449719092257398,0.9196428571428571,-0.5159065628476084,0.5790878754171301,-0.37471264367816093,0.05263157894736842,0.07142857142857142,0.2806800572441338,0.0009146951197870574,0.024244871994052827,0.09940809755665336,0.2806800572441338,5.198727013496909e-06,-0.5225806832313538,0.0,0.0,13.066666603088379,15.104083061218262,0.9196428571428571,-0.5225806451612903,0.17241379310344826,0.14285714285714285,0.14285714285714285,0.3948964382944035,0.2572802031218704,0.34256306934321273,0.3426435443589087,0.3948964382944035,0.037089553910794264,0.29744160175323486,0.0,0.625,8.133333206176758,10.259954452514648,0.8794642857142857,0.29744160177975526,0.0,0.08333333333333333,0.5,0.3523699022875814,0.22764303037812714,0.2400367383145598,0.2770249187057514,0.3523699022875814,0.052939225660911464,0.0,0.25,0.125,15.5,17.752933502197266,0.5,0.0,-15.070942878723145
0.7,16,0.08,4,5,20,200,252,"(10, 30)",0.8,-0.3523809523809524,0.18246629677150344,13.066666666666666,13.0,16.0,2.933333333333333,9.066666666666666,14.800900873482894,14.892951352905172,18.24280680158621,3.8297084310253524,11.47170431975999,-0.47857142857142854,-0.3142857142857143,0.17033737427265208,12.0,11.8,15.0,3.3333333333333335,7.2,14.683323874382122,14.419893665812287,17.24915456865447,4.993328882953068,8.88444333277743,-0.3928571428571428,-0.3517241379310345,0.4666666666666667,0.047619047619047616,0.1,0.28709458263587184,0.0241894986349481,0.07116169498458638,0.0773032270685371,0.07132290301014549,0.28709458263587184,0.2838484095161138,1.3294858731686742e-07,3.2039755405444356e-08,-0.45050057768821716,0.03414313122630119,0.0,30,0.0,-0.47126436781609193,0.28709153131778964,3.2039755405444356e-08,12.533333778381348,3.1333333333333333,14.742229461669922,4.449719092257398,-0.6249165739710789,0.0,0.0,12.533333778381348,3.1333333333333333,14.742229461669922,15.62263298034668,4.449719092257398,0.8526785714285714,-0.4505005561735262,0.628921023359288,-0.33333333333333337,0.045454545454545456,0.1,0.28962372621412413,0.06946784220163538,0.07473683469199947,0.07491607858078367,0.28962372621412413,1.2190747653673358e-07,-0.43403783440589905,0.0,0.0,12.399999618530273,14.658330917358398,0.84375,-0.43403781979977757,0.17241379310344826,0.14285714285714285,0.14285714285714285,0.3948964382944035,0.2572802031218704,0.34256306934321273,0.3426435443589087,0.3948964382944035,0.037089553910794264,0.29744160175323486,0.0,0.625,8.133333206176758,10.259954452514648,0.8794642857142857,0.29744160177975526,0.0,0.08333333333333333,0.5,0.3523699022875814,0.22764303037812714,0.2400367383145598,0.2770249187057514,0.3523699022875814,0.052939225660911464,0.0,0.25,0.125,15.5,17.752933502197266,0.5,0.0,-14.742229461669922
0.7,17,0.08,4,5,20,200,265,"(10, 30)",0.8,-0.5428571428571429,0.020094085350976957,13.666666666666666,13.733333333333333,16.0,2.933333333333333,9.066666666666666,15.403462814142367,15.517731793016658,18.24280680158621,3.8297084310253524,11.47170431975999,-0.7499999999999999,-0.37142857142857144,0.12075957482114184,13.666666666666666,13.733333333333333,15.0,3.3333333333333335,7.2,15.472556349873152,15.513435037626794,17.24915456865447,4.993328882953068,8.88444333277743,-0.5642857142857142,-0.4160919540229885,0.5218390804597701,0.045454545454545456,0.06666666666666667,0.27523960115902424,0.0010151334258578402,0.021313975170269048,0.027339536214746288,0.021491409699572712,0.27523960115902424,0.2807009485923453,0.0003267957306091969,0.005228209512106967,-0.5906563401222229,0.034076470881700516,0.0,29,3.725290298461914e-09,-0.5264367816091954,0.27523649412943174,0.00032676972463449886,13.666666984558105,3.1333333333333333,15.438048362731934,4.449719092257398,-0.7170189098998888,0.0,0.0,13.666666984558105,3.1333333333333333,15.438048362731934,15.842979431152344,4.449719092257398,0.9285714285714286,-0.5906562847608453,0.6751946607341489,-0.42528735632183906,0.045454545454545456,0.06666666666666667,0.27415911875154025,0.0010151222558765648,0.021333362012578218,0.021491782133293648,0.27415911875154025,0.0003268622985939538,-0.6066741347312927,0.0,0.0,13.733333587646484,15.515583992004395,0.9330357142857142,-0.6066740823136819,0.17241379310344826,0.14285714285714285,0.14285714285714285,0.3948964382944035,0.2572802031218704,0.34256306934321273,0.3426435443589087,0.3948964382944035,0.037089553910794264,0.29744160175323486,0.0,0.625,8.133333206176758,10.259954452514648,0.8794642857142857,0.29744160177975526,0.0,0.08333333333333333,0.5,0.3523699022875814,0.22764303037812714,0.2400367383145598,0.2770249187057514,0.3523699022875814,0.052939225660911464,0.0,0.25,0.125,15.5,17.752933502197266,0.5,0.0,-15.438048362731934
0.7,18,0.08,4,5,20,200,267,"(10, 30)",0.8,-0.3523809523809524,0.34773910503372235,13.933333333333334,13.933333333333334,16.0,2.933333333333333,9.066666666666666,15.220600075774499,15.37313674346694,18.24280680158621,3.8297084310253524,11.47170431975999,-0.5678571428571427,-0.3904761904761905,0.15215070131144284,12.733333333333333,12.733333333333333,15.0,3.3333333333333335,7.2,14.937648186154785,14.88399587924336,17.24915456865447,4.993328882953068,8.88444333277743,-0.4642857142857142,-0.3471264367816092,0.48965517241379314,0.1,0.1,0.3057067479590128,0.09389595805483972,0.15748692591269217,0.032499814107055325,0.15883520322014352,0.3057067479590128,0.27646851204340706,5.1224809170243e-06,2.555839449153258e-06,-0.5176863670349121,0.03414313495159149,0.0,30,0.0,-0.39310344827586213,0.30570509622707326,1.2794228378323025e-06,13.333333015441895,3.1333333333333333,15.079787254333496,4.449719092257398,-0.5942157953281423,0.0,0.0,13.333333015441895,3.1333333333333333,15.079787254333496,15.889199256896973,4.449719092257398,0.9140271493212669,-0.517686318131257,0.6849833147942158,-0.36091954022988504,0.09090909090909091,0.09090909090909091,0.3028606300890586,0.09060657643535748,0.15481141600779183,0.15598908457434257,0.3028606300890586,3.2418117141415053e-06,-0.5279199481010437,0.0,0.0,13.333333015441895,15.130542755126953,0.9140271493212669,-0.5279199110122358,0.17241379310344826,0.14285714285714285,0.14285714285714285,0.3948964382944035,0.2572802031218704,0.34256306934321273,0.3426435443589087,0.3948964382944035,0.037089553910794264,0.29744160175323486,0.0,0.625,8.133333206176758,10.259954452514648,0.8794642857142857,0.29744160177975526,0.0,0.08333333333333333,0.5,0.3523699022875814,0.22764303037812714,0.2400367383145598,0.2770249187057514,0.3523699022875814,0.052939225660911464,0.0,0.25,0.125,15.5,17.752933502197266,0.5,0.0,-15.079787254333496
0.7,19,0.08,4,5,25,200,265,"(10, 30)",0.8,-0.40952380952380957,0.1445053549888195,14.733333333333333,14.666666666666666,16.0,2.933333333333333,9.066666666666666,16.631295800387896,16.57709262808168,18.24280680158621,3.8297084310253524,11.47170431975999,-0.557142857142857,-0.2761904761904762,0.18011226150978601,11.133333333333333,11.066666666666666,15.0,3.3333333333333335,7.2,13.010252367524108,13.017936344392941,17.24915456865447,4.993328882953068,8.88444333277743,-0.3607142857142856,-0.36091954022988504,0.4298850574712643,0.043478260869565216,0.08333333333333333,0.29063710249099506,0.02194980070861908,0.06249684524216289,0.031083620457199243,0.07428845174738323,0.29063710249099506,0.2910083087625362,4.762055564064844e-06,2.2887619252552647e-06,-0.48787549138069153,0.03367646783590317,0.0,23,0.0,-0.3977011494252874,0.29063678640347257,1.1893164995924384e-06,12.933333396911621,3.1333333333333333,14.930952072143555,4.449719092257398,-0.5813125695216907,0.0,0.0,12.933333396911621,3.1333333333333333,14.930952072143555,15.586318969726562,4.449719092257398,0.9683257918552035,-0.48787541713014465,0.621357063403782,-0.3563218390804598,0.043478260869565216,0.09090909090909091,0.29217367819221357,0.02265661605819365,0.06320360637478555,0.07499520977151401,0.29217367819221357,4.762055564064844e-06,-0.4825362265110016,0.0,0.0,12.866666793823242,14.90413761138916,0.9638009049773755,-0.4825361512791991,0.17241379310344826,0.14285714285714285,0.14285714285714285,0.3948964382944035,0.2572802031218704,0.34256306934321273,0.3426435443589087,0.3948964382944035,0.037089553910794264,0.29744160175323486,0.0,0.625,8.133333206176758,10.259954452514648,0.8794642857142857,0.29744160177975526,0.0,0.08333333333333333,0.5,0.3523699022875814,0.22764303037812714,0.2400367383145598,0.2770249187057514,0.3523699022875814,0.052939225660911464,0.0,0.25,0.125,15.5,17.752933502197266,0.5,0.0,-14.930952072143555
0.7,20,0.08,4,5,25,200,267,"(10, 30)",0.8,-0.3904761904761905,0.2300611961453858,13.066666666666666,12.866666666666667,16.0,2.933333333333333,9.066666666666666,15.383974345619102,15.255600064675702,18.24280680158621,3.8297084310253524,11.47170431975999,-0.5392857142857141,-0.2761904761904762,0.20723537168003392,11.333333333333334,11.266666666666667,15.0,3.3333333333333335,7.2,14.48677557866714,14.479871085982314,17.24915456865447,4.993328882953068,8.88444333277743,-0.3607142857142856,-0.36091954022988504,0.4942528735632184,0.08333333333333333,0.1,0.29639157034041685,0.11148202160713495,0.11217555240589037,0.022339664680945687,0.11218318415857277,0.29639157034041685,0.2696697938781564,2.517431608371705e-07,6.173839878552013e-08,-0.4901001453399658,0.03414313495159149,0.0,30,0.0,-0.3977011494252874,0.29639086541648957,6.173839878552013e-08,12.199999809265137,3.1333333333333333,14.942110061645508,4.449719092257398,-0.5568409343715239,0.0,0.0,12.199999809265137,3.1333333333333333,14.942110061645508,15.72259521484375,4.449719092257398,0.8526785714285714,-0.4901001112347052,0.649833147942158,-0.3471264367816092,0.08333333333333333,0.1111111111111111,0.29791010626215203,0.11245718641687565,0.11315064241467544,0.15012846753103434,0.29791010626215203,2.517431608371705e-07,-0.4763070046901703,0.0,0.0,12.066666603088379,14.872794151306152,0.8622222222222222,-0.47630700778642937,0.17241379310344826,0.14285714285714285,0.14285714285714285,0.3948964382944035,0.2572802031218704,0.34256306934321273,0.3426435443589087,0.3948964382944035,0.037089553910794264,0.29744160175323486,0.0,0.625,8.133333206176758,10.259954452514648,0.8794642857142857,0.29744160177975526,0.0,0.08333333333333333,0.5,0.3523699022875814,0.22764303037812714,0.2400367383145598,0.2770249187057514,0.3523699022875814,0.052939225660911464,0.0,0.25,0.125,15.5,17.752933502197266,0.5,0.0,-14.942110061645508
0.7,21,0.08,4,5,25,200,268,"(10, 30)",0.8,-0.29523809523809524,0.357910853355644,12.666666666666666,12.533333333333333,16.0,2.933333333333333,9.066666666666666,14.701473849017088,14.733182502998687,18.24280680158621,3.8297084310253524,11.47170431975999,-0.4678571428571427,-0.3904761904761905,0.11999000622260125,13.066666666666666,13.066666666666666,15.0,3.3333333333333335,7.2,15.32753513560916,15.270887335056859,17.24915456865447,4.993328882953068,8.88444333277743,-0.5249999999999999,-0.32873563218390806,0.42528735632183906,0.07692307692307693,0.07692307692307693,0.2931652964537083,0.000735371865177542,0.12726363986058534,0.03223547625862723,0.14576946045684994,0.2931652964537083,0.27352471567082026,0.0006542797617671216,8.187807992581548e-05,-0.5052281022071838,0.03414313495159149,0.0,30,3.725290298461914e-09,-0.37471264367816093,0.2931633636607823,0.0006537127217976035,12.866666793823242,3.1333333333333333,15.017767906188965,4.449719092257398,-0.5568409343715239,0.0,0.0,12.866666793823242,3.1333333333333333,15.017767906188965,15.504837989807129,4.449719092257398,0.9285714285714285,-0.5052280311457175,0.6044493882091213,-0.32873563218390806,0.07692307692307693,0.07692307692307693,0.2941328307655823,0.0007353705925778128,0.12823090002416207,0.1467369960094235,0.2941328307655823,0.0006542668776410396,-0.5025584697723389,0.0,0.0,12.800000190734863,15.004444122314453,0.9508928571428571,-0.5025583982202447,0.17241379310344826,0.14285714285714285,0.14285714285714285,0.3948964382944035,0.2572802031218704,0.34256306934321273,0.3426435443589087,0.3948964382944035,0.037089553910794264,0.29744160175323486,0.0,0.625,8.133333206176758,10.259954452514648,0.8794642857142857,0.29744160177975526,0.0,0.08333333333333333,0.5,0.3523699022875814,0.22764303037812714,0.2400367383145598,0.2770249187057514,0.3523699022875814,0.052939225660911464,0.0,0.25,0.125,15.5,17.752933502197266,0.5,0.0,-15.017767906188965
0.7,22,0.08,4,5,26,200,265,"(10, 30)",0.8,-0.21904761904761905,0.39815375746180764,11.8,11.666666666666666,16.0,2.933333333333333,9.066666666666666,14.087819798203931,14.026166024018584,18.24280680158621,3.8297084310253524,11.47170431975999,-0.3142857142857143,-0.12380952380952381,0.33314528581159514,12.2,12.333333333333334,15.0,3.3333333333333335,7.2,14.139778404675702,14.224392195567912,17.24915456865447,4.993328882953068,8.88444333277743,-0.2678571428571428,-0.19540229885057472,0.3103448275862069,0.09090909090909091,0.16666666666666666,0.32944020869008844,0.14972485832006152,0.14973829417519666,0.05017711551107884,0.1692120034502322,0.32944020869008844,0.3067727746343816,0.001126634571373427,0.03602682712460173,-0.3294772505760193,0.03360980004072189,0.0,22,0.0,-0.25057471264367814,0.3294375934647051,0.0011260315323609834,12.0,3.1333333333333333,14.113822937011719,4.449719092257398,-0.40155728587319245,0.0,0.125,12.0,3.1333333333333333,14.113822937011719,14.886235237121582,4.449719092257398,0.8660714285714286,-0.32947719688542826,0.47897664071190205,-0.19540229885057472,0.09090909090909091,0.16666666666666666,0.3293209436353908,0.14961368400772573,0.14962726051468844,0.16910098865324294,0.3293209436353908,1.0773168511088406e-06,-0.3317019045352936,0.0,0.125,12.0,14.125627517700195,0.8660714285714286,-0.33170189098998887,0.17241379310344826,0.14285714285714285,0.14285714285714285,0.3948964382944035,0.2572802031218704,0.34256306934321273,0.3426435443589087,0.3948964382944035,0.037089553910794264,0.29744160175323486,0.0,0.625,8.133333206176758,10.259954452514648,0.8794642857142857,0.29744160177975526,0.0,0.08333333333333333,0.5,0.3523699022875814,0.22764303037812714,0.2400367383145598,0.2770249187057514,0.3523699022875814,0.052939225660911464,0.0,0.25,0.125,15.5,17.752933502197266,0.5,0.0,-14.113822937011719
0.7,23,0.08,4,5,26,200,272,"(10, 30)",0.8,-0.37142857142857144,0.3111748173585637,13.066666666666666,12.933333333333334,16.0,2.933333333333333,9.066666666666666,14.75127113166862,14.665151436881471,18.24280680158621,3.8297084310253524,11.47170431975999,-0.4392857142857142,-0.580952380952381,0.022061111017955416,13.866666666666667,13.866666666666667,15.0,3.3333333333333335,7.2,16.041612554021285,16.004166124273183,17.24915456865447,4.993328882953068,8.88444333277743,-0.7607142857142856,-0.439080459770115,0.5172413793103449,0.0625,0.07692307692307693,0.29125881033044326,0.0007256663348465338,0.12285188427256409,0.03398987612091287,0.12292942352303794,0.29125881033044326,0.2815708463385964,2.50748737356596e-07,6.148979291537652e-08,-0.5848721265792847,0.034009795635938644,0.0,28,0.0,-0.5402298850574713,0.2912551907318126,6.148979291537652e-08,13.466666221618652,3.1333333333333333,15.409953117370605,4.449719092257398,-0.7201334816462737,0.0,0.0,13.466666221618652,3.1333333333333333,15.409953117370605,15.95619010925293,4.449719092257398,0.9022222222222221,-0.5848720800889877,0.6992213570634038,-0.439080459770115,0.0625,0.1,0.2954899873022845,0.046960889020324526,0.1270830155405963,0.12716060164829068,0.2954899873022845,1.2190747653673358e-07,-0.5724138617515564,0.0,0.0,13.399999618530273,15.34926700592041,0.9155555555555556,-0.5724137931034483,0.17241379310344826,0.14285714285714285,0.14285714285714285,0.3948964382944035,0.2572802031218704,0.34256306934321273,0.3426435443589087,0.3948964382944035,0.037089553910794264,0.29744160175323486,0.0,0.625,8.133333206176758,10.259954452514648,0.8794642857142857,0.29744160177975526,0.0,0.08333333333333333,0.5,0.3523699022875814,0.22764303037812714,0.2400367383145598,0.2770249187057514,0.3523699022875814,0.052939225660911464,0.0,0.25,0.125,15.5,17.752933502197266,0.5,0.0,-15.409953117370605
0.7,24,0.08,3,5,23,200,287,"(10, 30)",0.8,-0.3523809523809524,0.2927931768633226,12.533333333333333,12.4,16.0,2.933333333333333,8.666666666666666,14.348054455802245,14.236104336041748,18.24280680158621,3.8297084310253524,11.529671865813587,-0.475,-0.561904761904762,0.022770402397850283,14.933333333333334,14.933333333333334,15.0,3.3333333333333335,7.2,16.69730517179344,16.74912933060502,17.24915456865447,4.993328882953068,9.018499505645789,-0.7428571428571428,-0.4666666666666667,0.5540229885057472,0.1,0.1,0.29651486558410894,0.09391125486210686,0.096732142751423,0.08606679577846975,0.09703904153068367,0.29651486558410894,0.28736655533757915,1.296527328844478e-06,3.22934440787347e-07,-0.6173526048660278,0.03407646343111992,0.0,29,0.0,-0.5586206896551724,0.2965106987459901,3.22934440787347e-07,13.733333587646484,3.1333333333333333,15.567059516906738,4.449719092257398,-0.714349276974416,0.0,0.0,13.733333587646484,3.1333333333333333,15.567059516906738,16.093477249145508,4.449719092257398,0.9377777777777778,-0.6173526140155728,0.728587319243604,-0.46206896551724136,0.1,0.1,0.2969840614028658,0.09391125486210686,0.096732142751423,0.0967508133666578,0.2969840614028658,1.296527328844478e-06,-0.6124582886695862,0.0,0.0,13.666666984558105,15.543487548828125,0.9333333333333333,-0.6124582869855395,0.17241379310344826,0.2,0.2,0.42884460994331947,0.29147246734418214,0.3767527042004561,0.3768333625634169,0.42884460994331947,0.037089553910794264,0.2849833369255066,0.0,0.625,7.933333396911621,10.350522994995117,0.8266666666666667,0.2849833147942158,0.0,0.08333333333333333,0.5,0.3523699022875814,0.22764303037812714,0.2400367383145598,0.2770249187057514,0.3523699022875814,0.052939225660911464,0.0,0.25,0.125,15.5,17.752933502197266,0.5,0.0,-15.567059516906738
0.7,25,0.08,3,5,23,200,284,"(10, 30)",0.8,-0.4666666666666667,0.06705872977888319,14.333333333333334,14.4,16.0,2.933333333333333,8.666666666666666,16.26243114256496,16.32993161855452,18.24280680158621,3.8297084310253524,11.529671865813587,-0.6357142857142856,-0.2761904761904762,0.0478422695521731,10.466666666666667,11.066666666666666,15.0,3.3333333333333335,7.2,13.48332303254654,13.716170505404682,17.24915456865447,4.993328882953068,8.981462390204987,-0.3857142857142856,-0.3563218390804598,0.4160919540229885,0.06666666666666667,0.06666666666666667,0.2812875071127623,0.00014097294952037284,0.08793736251077942,0.0438162948257022,0.08823606403585385,0.2812875071127623,0.2758142862258922,1.927806159725372e-07,4.69977625693618e-08,-0.48921024799346924,0.03414313495159149,0.0,30,3.725290298461914e-09,-0.4206896551724138,0.28128170080843806,4.69977625693618e-08,12.399999618530273,3.1333333333333333,14.937647819519043,4.449719092257398,-0.5604004449388209,0.0,0.0,12.399999618530273,3.1333333333333333,14.937647819519043,15.347095489501953,4.449719092257398,0.8733031674208145,-0.489210233592881,0.5719688542825361,-0.37931034482758624,0.07142857142857142,0.07142857142857142,0.2829351436614528,0.00014417896851300156,0.08840486002305792,0.08959977372993634,0.2829351436614528,1.9139802858458304e-07,-0.5176863670349121,0.0,0.0,12.733333587646484,15.079787254333496,0.8959276018099547,-0.517686318131257,0.17701149425287357,0.2,0.2,0.4315709336550007,0.29419901293239,0.3794790406463595,0.37955968701828924,0.4315709336550007,0.03989844056956009,0.28720802068710327,0.0,0.625,7.933333396911621,10.3344087600708,0.8266666666666667,0.28720800889877635,0.0,0.08333333333333333,0.5,0.3523699022875814,0.22764303037812714,0.2400367383145598,0.2770249187057514,0.3523699022875814,0.052939225660911464,0.0,0.25,0.125,15.5,17.752933502197266,0.5,0.0,-14.937647819519043
0.7,26,0.08,4,5,26,200,258,"(10, 30)",0.8,-0.3142857142857143,0.1495276539545635,12.8,12.666666666666666,16.0,2.933333333333333,9.066666666666666,14.338758663147937,14.165686240583852,18.24280680158621,3.8297084310253524,11.47170431975999,-0.4392857142857142,-0.33333333333333337,0.04516193786208811,12.933333333333334,13.066666666666666,15.0,3.3333333333333335,7.2,14.904138127826558,14.97108323847454,17.24915456865447,4.993328882953068,8.88444333277743,-0.5071428571428571,-0.30114942528735633,0.40689655172413797,0.0625,0.08333333333333333,0.2921177958433889,0.04455437241854871,0.12466627050799095,0.032474724855459186,0.12697776474040778,0.2921177958433889,0.28270105807581397,0.000654091000458682,8.183088959870557e-05,-0.4273637533187866,0.03400979936122894,0.0,28,0.0,-0.39310344827586213,0.29211373798139206,0.0006536655314704936,12.866666793823242,3.1333333333333333,14.624180793762207,4.449719092257398,-0.5377085650723026,0.0,0.0,12.866666793823242,3.1333333333333333,14.624180793762207,15.394804000854492,4.449719092257398,0.9027777777777777,-0.4273637374860957,0.5817575083426029,-0.29195402298850576,0.06666666666666667,0.08333333333333333,0.2940243668542638,0.044555173474998676,0.12640442172564664,0.12871590831328977,0.2940243668542638,0.000654091000458682,-0.4175751209259033,0.0,0.0,12.866666793823242,14.573948860168457,0.9027777777777779,-0.4175750834260289,0.17241379310344826,0.14285714285714285,0.14285714285714285,0.3948964382944035,0.2572802031218704,0.34256306934321273,0.3426435443589087,0.3948964382944035,0.037089553910794264,0.29744160175323486,0.0,0.625,8.133333206176758,10.259954452514648,0.8794642857142857,0.29744160177975526,0.0,0.08333333333333333,0.5,0.3523699022875814,0.22764303037812714,0.2400367383145598,0.2770249187057514,0.3523699022875814,0.052939225660911464,0.0,0.25,0.125,15.5,17.752933502197266,0.5,0.0,-14.624180793762207
0.7,27,0.08,4,5,23,200,259,"(10, 30)",0.8,-0.580952380952381,0.11800539830794401,16.2,16.133333333333333,16.0,2.933333333333333,9.066666666666666,17.69180601295413,17.652195330892983,18.24280680158621,3.8297084310253524,11.47170431975999,-0.7749999999999999,-0.2761904761904762,0.1885978306528617,10.6,10.933333333333334,15.0,3.3333333333333335,7.2,12.958909419134518,13.114877048604,17.24915456865447,4.993328882953068,8.88444333277743,-0.3607142857142856,-0.4298850574712643,0.5264367816091954,0.041666666666666664,0.1,0.2824186528684903,0.023494769293768005,0.06539015508114508,0.010690925712343669,0.06635339411062392,0.2824186528684903,0.2690817899391202,2.470955636383371e-07,6.986289925716653e-07,-0.6048943996429443,0.034143127501010895,0.0,30,0.0,-0.439080459770115,0.2824184299193218,1.027175357747883e-05,13.399999618530273,3.1333333333333333,15.506987571716309,4.449719092257398,-0.6449388209121245,0.0,0.0,13.399999618530273,3.1333333333333333,15.506987571716309,16.004165649414062,4.449719092257398,0.92,-0.6048943270300334,0.7094549499443825,-0.439080459770115,0.041666666666666664,0.1111111111111111,0.2842704409922673,0.024466316439507425,0.0660302854695316,0.06827705967943262,0.2842704409922673,1.1825430281847468e-07,-0.6137930750846863,0.0,0.0,13.533333778381348,15.549920082092285,0.9288888888888889,-0.6137931034482759,0.17241379310344826,0.14285714285714285,0.14285714285714285,0.3948964382944035,0.2572802031218704,0.34256306934321273,0.3426435443589087,0.3948964382944035,0.037089553910794264,0.29744160175323486,0.0,0.625,8.133333206176758,10.259954452514648,0.8794642857142857,0.29744160177975526,0.0,0.08333333333333333,0.5,0.3523699022875814,0.22764303037812714,0.2400367383145598,0.2770249187057514,0.3523699022875814,0.052939225660911464,0.0,0.25,0.125,15.5,17.752933502197266,0.5,0.0,-15.506987571716309
0.7,28,0.08,4,5,22,200,260,"(10, 30)",0.8,-0.5047619047619049,0.30336435654558014,15.466666666666667,15.466666666666667,16.0,2.933333333333333,9.066666666666666,16.75708805252273,16.705288583758936,18.24280680158621,3.8297084310253524,11.47170431975999,-0.6785714285714285,-0.48571428571428577,0.02485363569917253,12.4,12.533333333333333,15.0,3.3333333333333335,7.2,14.89071298942174,14.975535605335345,17.24915456865447,4.993328882953068,8.88444333277743,-0.6714285714285713,-0.4758620689655172,0.4988505747126437,0.05555555555555555,0.0625,0.2826358420721357,0.0009242724564603704,0.0407312262945405,0.033919548521042134,0.11719008374737132,0.2826358420721357,0.2766833661308132,8.183164243785198e-07,2.0338171467085744e-07,-0.6769744753837585,0.03414313495159149,0.0,30,7.450580596923828e-09,-0.4758620689655172,0.2826389922228793,2.0338171467085744e-07,13.933333396911621,3.1333333333333333,15.85139274597168,4.449719092257398,-0.6654060066740823,0.0,0.0,13.933333396911621,3.1333333333333333,15.85139274597168,15.891297340393066,4.449719092257398,0.9511111111111112,-0.6769744160177975,0.6854282536151279,-0.4758620689655172,0.05555555555555555,0.0625,0.2826139064097245,0.0009023350088581708,0.040709290529671344,0.11716814807898049,0.2826139064097245,8.846806190003181e-07,-0.6796440482139587,0.0,0.0,14.0,15.864005088806152,0.9555555555555556,-0.6796440489432702,0.17241379310344826,0.14285714285714285,0.14285714285714285,0.3948964382944035,0.2572802031218704,0.34256306934321273,0.3426435443589087,0.3948964382944035,0.037089553910794264,0.29744160175323486,0.0,0.625,8.133333206176758,10.259954452514648,0.8794642857142857,0.29744160177975526,0.0,0.08333333333333333,0.5,0.3523699022875814,0.22764303037812714,0.2400367383145598,0.2770249187057514,0.3523699022875814,0.052939225660911464,0.0,0.25,0.125,15.5,17.752933502197266,0.5,0.0,-15.85139274597168
0.7,29,0.08,4,5,22,200,258,"(10, 30)",0.8,-0.6000000000000001,0.20722165149786484,13.6,13.6,16.0,2.933333333333333,9.066666666666666,16.045767874011723,15.874507866387544,18.24280680158621,3.8297084310253524,11.47170431975999,-0.6928571428571427,-0.37142857142857144,0.12388744052845622,13.066666666666666,13.066666666666666,15.0,3.3333333333333335,7.2,14.97108323847454,14.913081505845799,17.24915456865447,4.993328882953068,8.88444333277743,-0.5249999999999999,-0.45287356321839084,0.503448275862069,0.058823529411764705,0.058823529411764705,0.27995045552298065,0.00019005472557998934,0.0008823104661421432,0.021369142639102116,0.1021736066328901,0.27995045552298065,0.27670040423878833,8.229173685993142e-07,8.425844438119097e-07,-0.607119083404541,0.03414313495159149,0.0,30,3.725290298461914e-09,-0.45287356321839084,0.27995145004522903,1.0415709028719074e-05,13.333333015441895,3.1333333333333333,15.517731666564941,4.449719092257398,-0.6062291434927697,0.0,0.0,13.333333015441895,3.1333333333333333,15.517731666564941,15.686511993408203,4.449719092257398,0.9553571428571428,-0.607119021134594,0.6422691879866518,-0.42528735632183906,0.058823529411764705,0.058823529411764705,0.28078987426790813,0.00020301572670128256,0.0008788228367295218,0.10217011901881685,0.28078987426790813,8.229173685993142e-07,-0.5830923318862915,0.0,0.0,13.333333015441895,15.401298522949219,0.9821428571428572,-0.5830923248053392,0.17241379310344826,0.14285714285714285,0.14285714285714285,0.3948964382944035,0.2572802031218704,0.34256306934321273,0.3426435443589087,0.3948964382944035,0.037089553910794264,0.29744160175323486,0.0,0.625,8.133333206176758,10.259954452514648,0.8794642857142857,0.29744160177975526,0.0,0.08333333333333333,0.5,0.3523699022875814,0.22764303037812714,0.2400367383145598,0.2770249187057514,0.3523699022875814,0.052939225660911464,0.0,0.25,0.125,15.5,17.752933502197266,0.5,0.0,-15.517731666564941
0.7,30,0.08,4,5,22,200,259,"(10, 30)",0.8,-0.29523809523809524,0.3206348132754107,12.666666666666666,12.666666666666666,16.0,2.933333333333333,9.066666666666666,14.505171491574997,14.445299120013633,18.24280680158621,3.8297084310253524,11.47170431975999,-0.4428571428571427,-0.5047619047619049,0.12595069071588483,13.066666666666666,13.066666666666666,15.0,3.3333333333333335,7.2,15.121728296285006,15.0996688705415,17.24915456865447,4.993328882953068,8.88444333277743,-0.6785714285714285,-0.32873563218390806,0.3885057471264368,0.1,0.1111111111111111,0.31036774221033775,0.1430537042416438,0.14824814019271046,0.05460233304959022,0.1667562773376429,0.31036774221033775,0.28146103001866807,0.00028417510938135804,3.649853463836578e-05,-0.4651835858821869,0.03414313122630119,0.0,30,3.725290298461914e-09,-0.3471264367816092,0.3103670640708622,0.00028213610168117834,12.866666793823242,3.1333333333333333,14.816657066345215,4.449719092257398,-0.4829810901001112,0.0,0.0,12.866666793823242,3.1333333333333333,14.816657066345215,15.231546401977539,4.449719092257398,0.9276018099547512,-0.4651835372636262,0.5483870967741935,-0.3241379310344828,0.1,0.125,0.31275516503350004,0.1454415332485764,0.15063557416714296,0.16914370081161245,0.31275516503350004,0.00032912579053852287,-0.457174688577652,0.0,0.125,12.866666793823242,14.776106834411621,0.9276018099547512,-0.457174638487208,0.17241379310344826,0.14285714285714285,0.14285714285714285,0.3948964382944035,0.2572802031218704,0.34256306934321273,0.3426435443589087,0.3948964382944035,0.037089553910794264,0.29744160175323486,0.0,0.625,8.133333206176758,10.259954452514648,0.8794642857142857,0.29744160177975526,0.0,0.08333333333333333,0.5,0.3523699022875814,0.22764303037812714,0.2400367383145598,0.2770249187057514,0.3523699022875814,0.052939225660911464,0.0,0.25,0.125,15.5,17.752933502197266,0.5,0.0,-14.816657066345215
0.7,31,0.08,4,5,22,200,262,"(10, 30)",0.8,-0.29523809523809524,0.1861651779314688,10.933333333333334,10.933333333333334,16.0,2.933333333333333,9.066666666666666,13.837148068394248,13.885243966167826,18.24280680158621,3.8297084310253524,11.47170431975999,-0.38928571428571423,-0.37142857142857144,0.17792167602843284,13.333333333333334,13.466666666666667,15.0,3.3333333333333335,7.2,14.863826335548103,14.89966442575134,17.24915456865447,4.993328882953068,8.88444333277743,-0.475,-0.28735632183908044,0.33793103448275863,0.041666666666666664,0.2,0.31641320708538684,0.08865945318066121,0.08866551696809266,0.028548612580095892,0.09569132167006068,0.31641320708538684,0.2933748016376182,0.026389363885632008,0.013194596728161307,-0.3761957883834839,0.03414313122630119,0.0,30,3.725290298461914e-09,-0.30574712643678165,0.31641283433726636,0.026389110636450764,12.133333206176758,3.1333333333333333,14.359665870666504,4.449719092257398,-0.39488320355951056,0.0,0.25,12.133333206176758,3.1333333333333333,14.359665870666504,14.665151596069336,4.449719092257398,0.9230769230769231,-0.37619577308120133,0.4353726362625139,-0.2827586206896552,0.041666666666666664,0.2,0.3165506846962287,0.08867397102261079,0.08869912094642589,0.09332008313823498,0.3165506846962287,0.026389363885632008,-0.3842046856880188,0.0,0.25,12.199999809265137,14.401388168334961,0.9196428571428571,-0.3842046718576196,0.17241379310344826,0.14285714285714285,0.14285714285714285,0.3948964382944035,0.2572802031218704,0.34256306934321273,0.3426435443589087,0.3948964382944035,0.037089553910794264,0.29744160175323486,0.0,0.625,8.133333206176758,10.259954452514648,0.8794642857142857,0.29744160177975526,0.0,0.08333333333333333,0.5,0.3523699022875814,0.22764303037812714,0.2400367383145598,0.2770249187057514,0.3523699022875814,0.052939225660911464,0.0,0.25,0.125,15.5,17.752933502197266,0.5,0.0,-14.359665870666504
0.7,32,0.08,4,5,18,200,262,"(10, 30)",0.8,-0.48571428571428577,0.22745569772430635,15.133333333333333,14.933333333333334,16.0,2.933333333333333,9.066666666666666,16.901676445449624,16.689317940926568,18.24280680158621,3.8297084310253524,11.47170431975999,-0.6357142857142856,-0.3904761904761905,0.1702815838125119,12.066666666666666,12.133333333333333,15.0,3.3333333333333335,7.2,13.82991925741675,13.899640283115243,17.24915456865447,4.993328882953068,8.88444333277743,-0.5178571428571428,-0.42528735632183906,0.4758620689655172,0.058823529411764705,0.0625,0.282857505707513,0.0002566652137241796,0.03091937533616071,0.02620351207026567,0.1088961037633264,0.282857505707513,0.27531399880927826,4.3673520535021694e-07,1.0798640991378174e-07,-0.5915461778640747,0.03407646715641022,0.0,29,0.0,-0.45287356321839084,0.2828571802435652,1.0798640991378174e-07,13.600000381469727,3.1333333333333333,15.442365646362305,4.449719092257398,-0.6378197997775306,0.0,0.0,13.600000381469727,3.1333333333333333,15.442365646362305,15.885003089904785,4.449719092257398,0.9422222222222222,-0.5915461624026696,0.6840934371523915,-0.39310344827586213,0.05555555555555555,0.06666666666666667,0.2825650286758605,0.0002572554987461207,0.021282794180957215,0.10749024397738338,0.2825650286758605,4.3673520535021694e-07,-0.57419353723526,0.0,0.0,13.533333778381348,15.357951164245605,0.9377777777777778,-0.5741935483870967,0.17241379310344826,0.14285714285714285,0.14285714285714285,0.3948964382944035,0.2572802031218704,0.34256306934321273,0.3426435443589087,0.3948964382944035,0.037089553910794264,0.29744160175323486,0.0,0.625,8.133333206176758,10.259954452514648,0.8794642857142857,0.29744160177975526,0.0,0.08333333333333333,0.5,0.3523699022875814,0.22764303037812714,0.2400367383145598,0.2770249187057514,0.3523699022875814,0.052939225660911464,0.0,0.25,0.125,15.5,17.752933502197266,0.5,0.0,-15.442365646362305
0.7,33,0.08,4,5,18,200,272,"(10, 30)",0.8,-0.3142857142857143,0.27155800205907027,13.2,13.333333333333334,16.0,2.933333333333333,9.066666666666666,15.336231610144651,15.383974345619102,18.24280680158621,3.8297084310253524,11.47170431975999,-0.47857142857142854,-0.29523809523809524,0.19204151496829472,13.066666666666666,13.2,15.0,3.3333333333333335,7.2,14.573949361789344,14.619621518128755,17.24915456865447,4.993328882953068,8.88444333277743,-0.42499999999999993,-0.33793103448275863,0.4344827586206897,0.0625,0.1,0.2904177786080863,0.02367215686735188,0.10377287719030395,0.021320833211745292,0.11802568143420412,0.2904177786080863,0.27766679454750737,3.2553877317618326e-07,8.018730187027332e-08,-0.4936596155166626,0.03407646343111992,0.0,29,3.725290298461914e-09,-0.36551724137931035,0.2904168193021692,8.018730187027332e-08,13.133333206176758,3.1333333333333333,14.959946632385254,4.449719092257398,-0.5292547274749722,0.0,0.0,13.133333206176758,3.1333333333333333,14.959946632385254,15.468246459960938,4.449719092257398,0.9151785714285714,-0.49365962180200224,0.5968854282536151,-0.33333333333333337,0.058823529411764705,0.1,0.29058866909847275,0.02367261029062824,0.024317868088308544,0.14872854757578124,0.29058866909847275,3.2553877317618326e-07,-0.5030033588409424,0.0,0.0,13.266666412353516,15.006665229797363,0.9241071428571428,-0.5030033370411569,0.17241379310344826,0.14285714285714285,0.14285714285714285,0.3948964382944035,0.2572802031218704,0.34256306934321273,0.3426435443589087,0.3948964382944035,0.037089553910794264,0.29744160175323486,0.0,0.625,8.133333206176758,10.259954452514648,0.8794642857142857,0.29744160177975526,0.0,0.08333333333333333,0.5,0.3523699022875814,0.22764303037812714,0.2400367383145598,0.2770249187057514,0.3523699022875814,0.052939225660911464,0.0,0.25,0.125,15.5,17.752933502197266,0.5,0.0,-14.959946632385254
0.7,34,0.08,3,5,24,200,278,"(10, 30)",0.8,-0.10476190476190476,0.21881632672615264,11.0,11.333333333333334,16.0,2.933333333333333,8.666666666666666,13.12757911167681,13.396516960264957,18.24280680158621,3.8297084310253524,11.529671865813587,-0.14285714285714282,-0.4666666666666667,0.11891361802667473,13.0,12.8,15.0,3.3333333333333335,7.2,15.017767255265788,14.845874847916509,17.24915456865447,4.993328882953068,8.981462390204987,-0.6285714285714286,-0.20459770114942533,0.19080459770114944,0.05263157894736842,0.16666666666666666,0.30082479943023044,0.05806370594459603,0.06144040715529921,0.12144259272228322,0.15984834108698992,0.30082479943023044,0.29822234438542106,2.4984694672819244e-05,1.2450088147727684e-05,-0.32769742608070374,0.03414313122630119,0.0,30,0.0,-0.23218390804597702,0.30081550936950274,6.244976276781038e-06,12.0,3.1333333333333333,14.10437297821045,4.449719092257398,-0.35350389321468295,0.0,0.125,12.0,3.1333333333333333,14.10437297821045,14.042791366577148,4.449719092257398,0.8392857142857143,-0.32769744160177977,0.3161290322580645,-0.21839080459770116,0.05263157894736842,0.2,0.30612082532449625,0.06303843462685617,0.06634896370081472,0.16060685768049662,0.30612082532449625,2.2861040444921694e-05,-0.33437150716781616,0.0,0.125,12.066666603088379,14.139778137207031,0.84375,-0.3343715239154616,0.17701149425287357,0.2,0.2,0.4315709336550007,0.29419901293239,0.3794790406463595,0.37955968701828924,0.4315709336550007,0.03989844056956009,0.28720802068710327,0.0,0.625,7.933333396911621,10.3344087600708,0.8266666666666667,0.28720800889877635,0.0,0.08333333333333333,0.5,0.3523699022875814,0.22764303037812714,0.2400367383145598,0.2770249187057514,0.3523699022875814,0.052939225660911464,0.0,0.25,0.125,15.5,17.752933502197266,0.5,0.0,-14.10437297821045
0.7,35,0.08,3,5,27,200,281,"(10, 30)",0.8,-0.08571428571428572,0.37729902614646654,12.333333333333334,12.333333333333334,16.0,2.933333333333333,8.666666666666666,13.771952173409064,13.781630285758407,18.24280680158621,3.8297084310253524,11.529671865813587,-0.1714285714285714,-0.29523809523809524,0.17954009333510718,12.6,12.733333333333333,15.0,3.3333333333333335,7.2,14.21032488486218,14.322476508388252,17.24915456865447,4.993328882953068,8.981462390204987,-0.457142857142857,-0.18620689655172415,0.3471264367816092,0.14285714285714285,0.14285714285714285,0.3224277518754737,0.15218209292294738,0.17310771386090296,0.012175853485171232,0.18309734347249607,0.3224277518754737,0.27781413763989177,1.04742493060328e-05,5.170198157726338e-06,-0.30678534507751465,0.03414313495159149,0.0,30,0.0,-0.2689655172413793,0.32241834962052557,2.6173649350844277e-06,12.466666221618652,3.1333333333333333,13.992855072021484,4.449719092257398,-0.4189098998887653,0.0,0.125,12.466666221618652,3.1333333333333333,13.992855072021484,14.986660957336426,4.449719092257398,0.8711111111111111,-0.3067853170189099,0.49899888765294764,-0.18620689655172415,0.14285714285714285,0.14285714285714285,0.3222775120682487,0.152182281037965,0.17311129190992472,0.18295039219874312,0.3222775120682487,1.04742493060328e-05,-0.3183537721633911,0.0,0.125,12.533333778381348,14.054655075073242,0.8755555555555555,-0.31835372636262516,0.17701149425287357,0.2,0.2,0.4315709336550007,0.29419901293239,0.3794790406463595,0.37955968701828924,0.4315709336550007,0.03989844056956009,0.28720802068710327,0.0,0.625,7.933333396911621,10.3344087600708,0.8266666666666667,0.28720800889877635,0.0,0.08333333333333333,0.5,0.3523699022875814,0.22764303037812714,0.2400367383145598,0.2770249187057514,0.3523699022875814,0.052939225660911464,0.0,0.25,0.125,15.5,17.752933502197266,0.5,0.0,-13.992855072021484
0.7,36,0.08,3,5,27,200,278,"(10, 30)",0.8,-0.18095238095238098,0.3784500400491239,11.866666666666667,11.8,16.0,2.933333333333333,8.666666666666666,13.505554412907307,13.508022307749815,18.24280680158621,3.8297084310253524,11.529671865813587,-0.3107142857142856,-0.2761904761904762,0.03547265033776629,11.333333333333334,11.266666666666667,15.0,3.3333333333333335,7.2,14.394443372357264,14.299184125909655,17.24915456865447,4.993328882953068,8.981462390204987,-0.4428571428571427,-0.19999999999999998,0.23218390804597702,0.125,0.125,0.3108094065961501,0.10389105877476096,0.14655344407261944,0.04113724815649744,0.14655366346407248,0.3108094065961501,0.28719917799482314,0.000584513824771308,0.0026700409681215194,-0.30011123418807983,0.03414313495159149,0.0,30,0.0,-0.22758620689655176,0.3108057770186907,0.000577909673213749,11.600000381469727,3.1333333333333333,13.957077026367188,4.449719092257398,-0.32769744160177977,0.0,0.125,11.600000381469727,3.1333333333333333,13.957077026367188,14.113822937011719,4.449719092257398,0.8868778280542986,-0.300111234705228,0.32947719688542826,-0.18620689655172415,0.125,0.125,0.31095087000350696,0.10389105877476096,0.14655391957417457,0.1465541356310319,0.31095087000350696,0.000584513824771308,-0.2912124991416931,0.0,0.125,11.533333778381348,13.909229278564453,0.8823529411764706,-0.2912124582869855,0.17701149425287357,0.2,0.2,0.4315709336550007,0.29419901293239,0.3794790406463595,0.37955968701828924,0.4315709336550007,0.03989844056956009,0.28720802068710327,0.0,0.625,7.933333396911621,10.3344087600708,0.8266666666666667,0.28720800889877635,0.0,0.08333333333333333,0.5,0.3523699022875814,0.22764303037812714,0.2400367383145598,0.2770249187057514,0.3523699022875814,0.052939225660911464,0.0,0.25,0.125,15.5,17.752933502197266,0.5,0.0,-13.957077026367188
0.7,37,0.08,3,5,27,200,255,"(10, 30)",0.8,-0.561904761904762,0.03195613173627319,15.066666666666666,15.133333333333333,16.0,2.933333333333333,8.666666666666666,16.769019053003667,16.81467612930244,18.24280680158621,3.8297084310253524,11.529671865813587,-0.7571428571428571,-0.08571428571428572,0.2160034617675426,9.466666666666667,9.533333333333333,15.0,3.3333333333333335,7.2,12.37739875741264,12.460604586723177,17.24915456865447,4.993328882953068,8.981462390204987,-0.0964285714285714,-0.3471264367816092,0.36091954022988504,0.047619047619047616,0.1111111111111111,0.27991167820494695,0.025732919295704735,0.025836135023286248,0.042270442541095604,0.02853059749393693,0.27991167820494695,0.3015741451052224,0.0013114693504472192,0.041827822452912944,-0.44961071014404297,0.03414313122630119,0.0,30,0.0,-0.38390804597701156,0.27990649196571726,0.0013081540977148748,12.266666412353516,3.1333333333333333,14.737706184387207,4.449719092257398,-0.525250278086763,0.0,0.0,12.266666412353516,3.1333333333333333,14.737706184387207,14.973309516906738,4.449719092257398,0.8928571428571429,-0.4496106785317019,0.49632925472747497,-0.3563218390804598,0.047619047619047616,0.1111111111111111,0.27966726313452944,0.02555770377709747,0.02566093294475404,0.028355396185982235,0.27966726313452944,0.001130958741075927,-0.46162402629852295,0.0,0.0,12.333333015441895,14.798648834228516,0.8973214285714285,-0.4616240266963292,0.17701149425287357,0.2,0.2,0.4315709336550007,0.29419901293239,0.3794790406463595,0.37955968701828924,0.4315709336550007,0.03989844056956009,0.28720802068710327,0.0,0.625,7.933333396911621,10.3344087600708,0.8266666666666667,0.28720800889877635,0.0,0.08333333333333333,0.5,0.3523699022875814,0.22764303037812714,0.2400367383145598,0.2770249187057514,0.3523699022875814,0.052939225660911464,0.0,0.25,0.125,15.5,17.752933502197266,0.5,0.0,-14.737706184387207
0.7,38,0.08,3,5,27,200,255,"(10, 30)",0.8,-0.3523809523809524,0.2739487843201649,13.666666666666666,13.666666666666666,16.0,2.933333333333333,8.666666666666666,15.031078914480268,15.044378795195678,18.24280680158621,3.8297084310253524,11.529671865813587,-0.47857142857142854,-0.2571428571428572,0.17842178559494848,13.133333333333333,13.133333333333333,15.0,3.3333333333333335,7.2,14.322476508388252,14.392127477664076,17.24915456865447,4.993328882953068,8.981462390204987,-0.4464285714285714,-0.2597701149425288,0.3103448275862069,0.0625,0.07692307692307693,0.30275896020449244,0.0016130502232258015,0.11254275599590761,0.006277677705239897,0.2605270184117655,0.30275896020449244,0.2919261378307586,1.1909016791478897e-05,5.813155963432082e-06,-0.4384872317314148,0.03340979665517807,0.0,20,3.725290298461914e-09,-0.2597701149425288,0.30275886795508294,2.9760568064459522e-06,13.399999618530273,3.1333333333333333,14.68105411529541,4.449719092257398,-0.40200222469410457,0.0,0.125,13.399999618530273,3.1333333333333333,14.68105411529541,14.875035285949707,4.449719092257398,0.9722222222222222,-0.4384872080088987,0.4767519466073415,-0.2689655172413793,0.058823529411764705,0.07692307692307693,0.29969689592924675,0.0016130502232258015,0.03316488199921448,0.11122084559624835,0.29969689592924675,1.1909016791478897e-05,-0.44649606943130493,0.0,0.125,13.399999618530273,14.7218656539917,0.9722222222222222,-0.44649610678531704,0.17701149425287357,0.2,0.2,0.4315709336550007,0.29419901293239,0.3794790406463595,0.37955968701828924,0.4315709336550007,0.03989844056956009,0.28720802068710327,0.0,0.625,7.933333396911621,10.3344087600708,0.8266666666666667,0.28720800889877635,0.0,0.08333333333333333,0.5,0.3523699022875814,0.22764303037812714,0.2400367383145598,0.2770249187057514,0.3523699022875814,0.052939225660911464,0.0,0.25,0.125,15.5,17.752933502197266,0.5,0.0,-14.68105411529541
0.7,39,0.08,3,5,27,200,280,"(10, 30)",0.8,-0.3523809523809524,0.23948224412571098,12.733333333333333,12.733333333333333,16.0,2.933333333333333,8.666666666666666,14.186848369763691,14.163332941084171,18.24280680158621,3.8297084310253524,11.529671865813587,-0.5357142857142856,-0.3904761904761905,0.08392330065089096,13.4,13.8,15.0,3.3333333333333335,7.2,15.960367581397783,16.13897972818191,17.24915456865447,4.993328882953068,8.981462390204987,-0.5357142857142856,-0.3563218390804598,0.4160919540229885,0.06666666666666667,0.06666666666666667,0.2868666160527602,0.0012951182798981822,0.09242499536296338,0.04060780555412711,0.13182926187080765,0.2868666160527602,0.2973073878018202,0.0011258791920116492,0.03602663827976129,-0.5216907858848572,0.03407646715641022,0.0,29,0.0,-0.39310344827586213,0.2868663015287025,0.001125842687520539,13.066666603088379,3.1333333333333333,15.099668502807617,4.449719092257398,-0.567964404894327,0.0,0.0,13.066666603088379,3.1333333333333333,15.099668502807617,15.321009635925293,4.449719092257398,0.9330357142857142,-0.5216907675194661,0.5666295884315907,-0.3563218390804598,0.06666666666666667,0.06666666666666667,0.28629535455071503,0.0013124583918654872,0.08250588192677402,0.13125800021303763,0.28629535455071503,0.0011258791920116492,-0.5385984778404236,0.0,0.0,13.266666412353516,15.183324813842773,0.9728506787330317,-0.5385984427141268,0.17701149425287357,0.2,0.2,0.4315709336550007,0.29419901293239,0.3794790406463595,0.37955968701828924,0.4315709336550007,0.03989844056956009,0.28720802068710327,0.0,0.625,7.933333396911621,10.3344087600708,0.8266666666666667,0.28720800889877635,0.0,0.08333333333333333,0.5,0.3523699022875814,0.22764303037812714,0.2400367383145598,0.2770249187057514,0.3523699022875814,0.052939225660911464,0.0,0.25,0.125,15.5,17.752933502197266,0.5,0.0,-15.099668502807617
